student_id,term,subject,score
S001,Term 1,Math,72
S001,Term 1,English,50
S001,Term 1,Science,46
S001,Term 2,Math,79
S001,Term 2,English,76
S001,Term 2,Science,67
S002,Term 1,Math,48
S002,Term 1,English,71
S002,Term 1,Science,52
S002,Term 2,Math,76
S002,Term 2,English,100
S002,Term 2,Science,71
S003,Term 1,Math,54
S003,Term 1,English,39
S003,Term 1,Science,45
S003,Term 2,Math,80
S003,Term 2,English,62
S003,Term 2,Science,61
S004,Term 1,Math,69
S004,Term 1,English,87
S004,Term 1,Science,63
S004,Term 2,Math,57
S004,Term 2,English,75
S004,Term 2,Science,58
S005,Term 1,Math,55
S005,Term 1,English,74
S005,Term 1,Science,68
S005,Term 2,Math,87
S005,Term 2,English,80
S005,Term 2,Science,79
S006,Term 1,Math,49
S006,Term 1,English,76
S006,Term 1,Science,57
S006,Term 2,Math,66
S006,Term 2,English,83
S006,Term 2,Science,66
S007,Term 1,Math,90
S007,Term 1,English,87
S007,Term 1,Science,80
S007,Term 2,Math,71
S007,Term 2,English,96
S007,Term 2,Science,48
S008,Term 1,Math,78
S008,Term 1,English,58
S008,Term 1,Science,59
S008,Term 2,Math,68
S008,Term 2,English,89
S008,Term 2,Science,52
S009,Term 1,Math,55
S009,Term 1,English,71
S009,Term 1,Science,63
S009,Term 2,Math,72
S009,Term 2,English,100
S009,Term 2,Science,71
S010,Term 1,Math,53
S010,Term 1,English,54
S010,Term 1,Science,62
S010,Term 2,Math,50
S010,Term 2,English,80
S010,Term 2,Science,71
S011,Term 1,Math,56
S011,Term 1,English,93
S011,Term 1,Science,57
S011,Term 2,Math,60
S011,Term 2,English,82
S011,Term 2,Science,76
S012,Term 1,Math,77
S012,Term 1,English,75
S012,Term 1,Science,78
S012,Term 2,Math,54
S012,Term 2,English,86
S012,Term 2,Science,76
S013,Term 1,Math,80
S013,Term 1,English,49
S013,Term 1,Science,55
S013,Term 2,Math,71
S013,Term 2,English,43
S013,Term 2,Science,71
S014,Term 1,Math,74
S014,Term 1,English,63
S014,Term 1,Science,60
S014,Term 2,Math,49
S014,Term 2,English,68
S014,Term 2,Science,60
S015,Term 1,Math,53
S015,Term 1,English,61
S015,Term 1,Science,62
S015,Term 2,Math,58
S015,Term 2,English,97
S015,Term 2,Science,61
S016,Term 1,Math,66
S016,Term 1,English,63
S016,Term 1,Science,58
S016,Term 2,Math,41
S016,Term 2,English,56
S016,Term 2,Science,51
S017,Term 1,Math,64
S017,Term 1,English,82
S017,Term 1,Science,44
S017,Term 2,Math,55
S017,Term 2,English,58
S017,Term 2,Science,62
S018,Term 1,Math,74
S018,Term 1,English,64
S018,Term 1,Science,65
S018,Term 2,Math,79
S018,Term 2,English,80
S018,Term 2,Science,56
S019,Term 1,Math,63
S019,Term 1,English,60
S019,Term 1,Science,71
S019,Term 2,Math,68
S019,Term 2,English,58
S019,Term 2,Science,68
S020,Term 1,Math,60
S020,Term 1,English,76
S020,Term 1,Science,75
S020,Term 2,Math,67
S020,Term 2,English,71
S020,Term 2,Science,77
S021,Term 1,Math,51
S021,Term 1,English,54
S021,Term 1,Science,27
S021,Term 2,Math,61
S021,Term 2,English,65
S021,Term 2,Science,70
S022,Term 1,Math,38
S022,Term 1,English,62
S022,Term 1,Science,71
S022,Term 2,Math,49
S022,Term 2,English,79
S022,Term 2,Science,59
S023,Term 1,Math,61
S023,Term 1,English,77
S023,Term 1,Science,77
S023,Term 2,Math,63
S023,Term 2,English,65
S023,Term 2,Science,60
S024,Term 1,Math,69
S024,Term 1,English,57
S024,Term 1,Science,63
S024,Term 2,Math,57
S024,Term 2,English,73
S024,Term 2,Science,53
S025,Term 1,Math,39
S025,Term 1,English,76
S025,Term 1,Science,77
S025,Term 2,Math,40
S025,Term 2,English,79
S025,Term 2,Science,78
S026,Term 1,Math,69
S026,Term 1,English,64
S026,Term 1,Science,54
S026,Term 2,Math,62
S026,Term 2,English,77
S026,Term 2,Science,67
S027,Term 1,Math,59
S027,Term 1,English,57
S027,Term 1,Science,71
S027,Term 2,Math,67
S027,Term 2,English,77
S027,Term 2,Science,67
S028,Term 1,Math,82
S028,Term 1,English,62
S028,Term 1,Science,81
S028,Term 2,Math,53
S028,Term 2,English,88
S028,Term 2,Science,80
S029,Term 1,Math,58
S029,Term 1,English,89
S029,Term 1,Science,71
S029,Term 2,Math,51
S029,Term 2,English,70
S029,Term 2,Science,79
S030,Term 1,Math,73
S030,Term 1,English,57
S030,Term 1,Science,64
S030,Term 2,Math,64
S030,Term 2,English,68
S030,Term 2,Science,94
S031,Term 1,Math,64
S031,Term 1,English,69
S031,Term 1,Science,80
S031,Term 2,Math,57
S031,Term 2,English,87
S031,Term 2,Science,45
S032,Term 1,Math,56
S032,Term 1,English,82
S032,Term 1,Science,84
S032,Term 2,Math,52
S032,Term 2,English,64
S032,Term 2,Science,72
S033,Term 1,Math,54
S033,Term 1,English,66
S033,Term 1,Science,76
S033,Term 2,Math,55
S033,Term 2,English,51
S033,Term 2,Science,50
S034,Term 1,Math,62
S034,Term 1,English,47
S034,Term 1,Science,62
S034,Term 2,Math,45
S034,Term 2,English,94
S034,Term 2,Science,91
S035,Term 1,Math,49
S035,Term 1,English,73
S035,Term 1,Science,54
S035,Term 2,Math,58
S035,Term 2,English,96
S035,Term 2,Science,60
S036,Term 1,Math,58
S036,Term 1,English,58
S036,Term 1,Science,79
S036,Term 2,Math,22
S036,Term 2,English,69
S036,Term 2,Science,65
S037,Term 1,Math,54
S037,Term 1,English,80
S037,Term 1,Science,80
S037,Term 2,Math,45
S037,Term 2,English,100
S037,Term 2,Science,48
S038,Term 1,Math,77
S038,Term 1,English,71
S038,Term 1,Science,59
S038,Term 2,Math,57
S038,Term 2,English,74
S038,Term 2,Science,68
S039,Term 1,Math,50
S039,Term 1,English,67
S039,Term 1,Science,56
S039,Term 2,Math,47
S039,Term 2,English,65
S039,Term 2,Science,52
S040,Term 1,Math,56
S040,Term 1,English,75
S040,Term 1,Science,67
S040,Term 2,Math,85
S040,Term 2,English,48
S040,Term 2,Science,71
S041,Term 1,Math,62
S041,Term 1,English,79
S041,Term 1,Science,74
S041,Term 2,Math,60
S041,Term 2,English,77
S041,Term 2,Science,57
S042,Term 1,Math,69
S042,Term 1,English,47
S042,Term 1,Science,75
S042,Term 2,Math,61
S042,Term 2,English,69
S042,Term 2,Science,63
S043,Term 1,Math,60
S043,Term 1,English,85
S043,Term 1,Science,100
S043,Term 2,Math,76
S043,Term 2,English,68
S043,Term 2,Science,73
S044,Term 1,Math,70
S044,Term 1,English,58
S044,Term 1,Science,50
S044,Term 2,Math,61
S044,Term 2,English,84
S044,Term 2,Science,46
S045,Term 1,Math,53
S045,Term 1,English,76
S045,Term 1,Science,66
S045,Term 2,Math,78
S045,Term 2,English,58
S045,Term 2,Science,94
S046,Term 1,Math,43
S046,Term 1,English,45
S046,Term 1,Science,65
S046,Term 2,Math,48
S046,Term 2,English,74
S046,Term 2,Science,65
S047,Term 1,Math,59
S047,Term 1,English,59
S047,Term 1,Science,71
S047,Term 2,Math,58
S047,Term 2,English,88
S047,Term 2,Science,63
S048,Term 1,Math,50
S048,Term 1,English,49
S048,Term 1,Science,63
S048,Term 2,Math,46
S048,Term 2,English,58
S048,Term 2,Science,72
S049,Term 1,Math,40
S049,Term 1,English,86
S049,Term 1,Science,67
S049,Term 2,Math,61
S049,Term 2,English,62
S049,Term 2,Science,75
S050,Term 1,Math,61
S050,Term 1,English,61
S050,Term 1,Science,68
S050,Term 2,Math,41
S050,Term 2,English,55
S050,Term 2,Science,52
S051,Term 1,Math,66
S051,Term 1,English,69
S051,Term 1,Science,78
S051,Term 2,Math,50
S051,Term 2,English,81
S051,Term 2,Science,64
S052,Term 1,Math,50
S052,Term 1,English,74
S052,Term 1,Science,65
S052,Term 2,Math,54
S052,Term 2,English,75
S052,Term 2,Science,64
S053,Term 1,Math,60
S053,Term 1,English,65
S053,Term 1,Science,50
S053,Term 2,Math,62
S053,Term 2,English,65
S053,Term 2,Science,53
S054,Term 1,Math,59
S054,Term 1,English,78
S054,Term 1,Science,68
S054,Term 2,Math,55
S054,Term 2,English,68
S054,Term 2,Science,73
S055,Term 1,Math,33
S055,Term 1,English,79
S055,Term 1,Science,43
S055,Term 2,Math,45
S055,Term 2,English,68
S055,Term 2,Science,92
S056,Term 1,Math,82
S056,Term 1,English,78
S056,Term 1,Science,70
S056,Term 2,Math,39
S056,Term 2,English,76
S056,Term 2,Science,59
S057,Term 1,Math,52
S057,Term 1,English,71
S057,Term 1,Science,60
S057,Term 2,Math,72
S057,Term 2,English,51
S057,Term 2,Science,66
S058,Term 1,Math,51
S058,Term 1,English,65
S058,Term 1,Science,69
S058,Term 2,Math,48
S058,Term 2,English,76
S058,Term 2,Science,63
S059,Term 1,Math,54
S059,Term 1,English,64
S059,Term 1,Science,64
S059,Term 2,Math,52
S059,Term 2,English,75
S059,Term 2,Science,62
S060,Term 1,Math,54
S060,Term 1,English,89
S060,Term 1,Science,70
S060,Term 2,Math,57
S060,Term 2,English,76
S060,Term 2,Science,53
S061,Term 1,Math,56
S061,Term 1,English,66
S061,Term 1,Science,51
S061,Term 2,Math,66
S061,Term 2,English,68
S061,Term 2,Science,61
S062,Term 1,Math,55
S062,Term 1,English,100
S062,Term 1,Science,58
S062,Term 2,Math,37
S062,Term 2,English,55
S062,Term 2,Science,75
S063,Term 1,Math,78
S063,Term 1,English,61
S063,Term 1,Science,81
S063,Term 2,Math,70
S063,Term 2,English,72
S063,Term 2,Science,62
S064,Term 1,Math,64
S064,Term 1,English,80
S064,Term 1,Science,70
S064,Term 2,Math,53
S064,Term 2,English,72
S064,Term 2,Science,89
S065,Term 1,Math,65
S065,Term 1,English,80
S065,Term 1,Science,72
S065,Term 2,Math,65
S065,Term 2,English,76
S065,Term 2,Science,76
S066,Term 1,Math,70
S066,Term 1,English,73
S066,Term 1,Science,57
S066,Term 2,Math,66
S066,Term 2,English,74
S066,Term 2,Science,62
S067,Term 1,Math,94
S067,Term 1,English,51
S067,Term 1,Science,77
S067,Term 2,Math,51
S067,Term 2,English,76
S067,Term 2,Science,96
S068,Term 1,Math,50
S068,Term 1,English,61
S068,Term 1,Science,65
S068,Term 2,Math,51
S068,Term 2,English,85
S068,Term 2,Science,59
S069,Term 1,Math,69
S069,Term 1,English,54
S069,Term 1,Science,44
S069,Term 2,Math,59
S069,Term 2,English,56
S069,Term 2,Science,84
S070,Term 1,Math,43
S070,Term 1,English,57
S070,Term 1,Science,70
S070,Term 2,Math,54
S070,Term 2,English,56
S070,Term 2,Science,90
S071,Term 1,Math,49
S071,Term 1,English,67
S071,Term 1,Science,63
S071,Term 2,Math,70
S071,Term 2,English,80
S071,Term 2,Science,56
S072,Term 1,Math,58
S072,Term 1,English,67
S072,Term 1,Science,74
S072,Term 2,Math,47
S072,Term 2,English,99
S072,Term 2,Science,56
S073,Term 1,Math,61
S073,Term 1,English,56
S073,Term 1,Science,50
S073,Term 2,Math,51
S073,Term 2,English,63
S073,Term 2,Science,61
S074,Term 1,Math,50
S074,Term 1,English,78
S074,Term 1,Science,56
S074,Term 2,Math,51
S074,Term 2,English,70
S074,Term 2,Science,77
S075,Term 1,Math,64
S075,Term 1,English,68
S075,Term 1,Science,48
S075,Term 2,Math,48
S075,Term 2,English,59
S075,Term 2,Science,81
S076,Term 1,Math,68
S076,Term 1,English,59
S076,Term 1,Science,59
S076,Term 2,Math,52
S076,Term 2,English,64
S076,Term 2,Science,71
S077,Term 1,Math,58
S077,Term 1,English,94
S077,Term 1,Science,81
S077,Term 2,Math,77
S077,Term 2,English,83
S077,Term 2,Science,60
S078,Term 1,Math,69
S078,Term 1,English,65
S078,Term 1,Science,85
S078,Term 2,Math,66
S078,Term 2,English,78
S078,Term 2,Science,67
S079,Term 1,Math,82
S079,Term 1,English,52
S079,Term 1,Science,88
S079,Term 2,Math,59
S079,Term 2,English,58
S079,Term 2,Science,56
S080,Term 1,Math,42
S080,Term 1,English,77
S080,Term 1,Science,53
S080,Term 2,Math,64
S080,Term 2,English,88
S080,Term 2,Science,57
S081,Term 1,Math,58
S081,Term 1,English,54
S081,Term 1,Science,61
S081,Term 2,Math,92
S081,Term 2,English,84
S081,Term 2,Science,62
S082,Term 1,Math,54
S082,Term 1,English,69
S082,Term 1,Science,67
S082,Term 2,Math,56
S082,Term 2,English,81
S082,Term 2,Science,54
S083,Term 1,Math,50
S083,Term 1,English,74
S083,Term 1,Science,51
S083,Term 2,Math,70
S083,Term 2,English,74
S083,Term 2,Science,44
S084,Term 1,Math,63
S084,Term 1,English,49
S084,Term 1,Science,74
S084,Term 2,Math,59
S084,Term 2,English,97
S084,Term 2,Science,78
S085,Term 1,Math,49
S085,Term 1,English,45
S085,Term 1,Science,56
S085,Term 2,Math,47
S085,Term 2,English,96
S085,Term 2,Science,65
S086,Term 1,Math,73
S086,Term 1,English,66
S086,Term 1,Science,63
S086,Term 2,Math,61
S086,Term 2,English,88
S086,Term 2,Science,69
S087,Term 1,Math,49
S087,Term 1,English,89
S087,Term 1,Science,62
S087,Term 2,Math,56
S087,Term 2,English,41
S087,Term 2,Science,73
S088,Term 1,Math,63
S088,Term 1,English,71
S088,Term 1,Science,61
S088,Term 2,Math,55
S088,Term 2,English,70
S088,Term 2,Science,71
S089,Term 1,Math,69
S089,Term 1,English,67
S089,Term 1,Science,77
S089,Term 2,Math,61
S089,Term 2,English,68
S089,Term 2,Science,68
S090,Term 1,Math,45
S090,Term 1,English,72
S090,Term 1,Science,47
S090,Term 2,Math,49
S090,Term 2,English,50
S090,Term 2,Science,63
S091,Term 1,Math,81
S091,Term 1,English,68
S091,Term 1,Science,73
S091,Term 2,Math,90
S091,Term 2,English,79
S091,Term 2,Science,56
S092,Term 1,Math,54
S092,Term 1,English,70
S092,Term 1,Science,58
S092,Term 2,Math,55
S092,Term 2,English,86
S092,Term 2,Science,78
S093,Term 1,Math,42
S093,Term 1,English,60
S093,Term 1,Science,60
S093,Term 2,Math,69
S093,Term 2,English,88
S093,Term 2,Science,98
S094,Term 1,Math,56
S094,Term 1,English,65
S094,Term 1,Science,73
S094,Term 2,Math,53
S094,Term 2,English,73
S094,Term 2,Science,61
S095,Term 1,Math,30
S095,Term 1,English,71
S095,Term 1,Science,63
S095,Term 2,Math,77
S095,Term 2,English,75
S095,Term 2,Science,50
S096,Term 1,Math,58
S096,Term 1,English,44
S096,Term 1,Science,51
S096,Term 2,Math,69
S096,Term 2,English,72
S096,Term 2,Science,77
S097,Term 1,Math,38
S097,Term 1,English,67
S097,Term 1,Science,60
S097,Term 2,Math,73
S097,Term 2,English,83
S097,Term 2,Science,73
S098,Term 1,Math,80
S098,Term 1,English,65
S098,Term 1,Science,82
S098,Term 2,Math,49
S098,Term 2,English,62
S098,Term 2,Science,75
S099,Term 1,Math,43
S099,Term 1,English,76
S099,Term 1,Science,67
S099,Term 2,Math,74
S099,Term 2,English,74
S099,Term 2,Science,66
S100,Term 1,Math,68
S100,Term 1,English,62
S100,Term 1,Science,57
S100,Term 2,Math,67
S100,Term 2,English,74
S100,Term 2,Science,61
S101,Term 1,Math,61
S101,Term 1,English,89
S101,Term 1,Science,60
S101,Term 2,Math,56
S101,Term 2,English,54
S101,Term 2,Science,65
S102,Term 1,Math,69
S102,Term 1,English,80
S102,Term 1,Science,67
S102,Term 2,Math,73
S102,Term 2,English,83
S102,Term 2,Science,79
S103,Term 1,Math,73
S103,Term 1,English,88
S103,Term 1,Science,63
S103,Term 2,Math,46
S103,Term 2,English,82
S103,Term 2,Science,75
S104,Term 1,Math,80
S104,Term 1,English,85
S104,Term 1,Science,89
S104,Term 2,Math,69
S104,Term 2,English,77
S104,Term 2,Science,49
S105,Term 1,Math,65
S105,Term 1,English,63
S105,Term 1,Science,68
S105,Term 2,Math,62
S105,Term 2,English,80
S105,Term 2,Science,64
S106,Term 1,Math,73
S106,Term 1,English,37
S106,Term 1,Science,68
S106,Term 2,Math,76
S106,Term 2,English,97
S106,Term 2,Science,74
S107,Term 1,Math,82
S107,Term 1,English,72
S107,Term 1,Science,66
S107,Term 2,Math,68
S107,Term 2,English,74
S107,Term 2,Science,56
S108,Term 1,Math,55
S108,Term 1,English,56
S108,Term 1,Science,72
S108,Term 2,Math,62
S108,Term 2,English,70
S108,Term 2,Science,59
S109,Term 1,Math,68
S109,Term 1,English,79
S109,Term 1,Science,52
S109,Term 2,Math,46
S109,Term 2,English,86
S109,Term 2,Science,49
S110,Term 1,Math,68
S110,Term 1,English,89
S110,Term 1,Science,85
S110,Term 2,Math,70
S110,Term 2,English,83
S110,Term 2,Science,93
S111,Term 1,Math,33
S111,Term 1,English,64
S111,Term 1,Science,76
S111,Term 2,Math,57
S111,Term 2,English,89
S111,Term 2,Science,65
S112,Term 1,Math,63
S112,Term 1,English,66
S112,Term 1,Science,59
S112,Term 2,Math,55
S112,Term 2,English,78
S112,Term 2,Science,56
S113,Term 1,Math,73
S113,Term 1,English,77
S113,Term 1,Science,79
S113,Term 2,Math,48
S113,Term 2,English,54
S113,Term 2,Science,65
S114,Term 1,Math,96
S114,Term 1,English,85
S114,Term 1,Science,59
S114,Term 2,Math,67
S114,Term 2,English,83
S114,Term 2,Science,49
S115,Term 1,Math,78
S115,Term 1,English,67
S115,Term 1,Science,64
S115,Term 2,Math,62
S115,Term 2,English,88
S115,Term 2,Science,56
S116,Term 1,Math,41
S116,Term 1,English,73
S116,Term 1,Science,41
S116,Term 2,Math,58
S116,Term 2,English,89
S116,Term 2,Science,72
S117,Term 1,Math,74
S117,Term 1,English,77
S117,Term 1,Science,94
S117,Term 2,Math,54
S117,Term 2,English,79
S117,Term 2,Science,60
S118,Term 1,Math,73
S118,Term 1,English,69
S118,Term 1,Science,86
S118,Term 2,Math,55
S118,Term 2,English,91
S118,Term 2,Science,73
S119,Term 1,Math,61
S119,Term 1,English,76
S119,Term 1,Science,69
S119,Term 2,Math,66
S119,Term 2,English,72
S119,Term 2,Science,57
S120,Term 1,Math,57
S120,Term 1,English,49
S120,Term 1,Science,76
S120,Term 2,Math,47
S120,Term 2,English,72
S120,Term 2,Science,73
