student_id,grade,school
S001,6,Hillside
S002,7,Hillside
S003,8,Lakeview
S004,6,Hillside
S005,7,Lakeview
S006,8,Hillside
S007,7,Hillside
S008,8,Hillside
S009,7,Lakeview
S010,6,Lakeview
S011,7,Lakeview
S012,7,Riverdale
S013,6,Lakeview
S014,8,Hillside
S015,6,Riverdale
S016,6,Riverdale
S017,6,Lakeview
S018,8,Hillside
S019,7,Riverdale
S020,8,Riverdale
S021,7,Lakeview
S022,6,Hillside
S023,7,Hillside
S024,6,Hillside
S025,7,Hillside
S026,6,Hillside
S027,8,Lakeview
S028,7,Hillside
S029,6,Hillside
S030,8,Riverdale
S031,7,Riverdale
S032,6,Hillside
S033,7,Riverdale
S034,6,Riverdale
S035,8,Lakeview
S036,7,Lakeview
S037,8,Lakeview
S038,8,Hillside
S039,8,Lakeview
S040,7,Riverdale
S041,6,Lakeview
S042,7,Lakeview
S043,7,Hillside
S044,6,Riverdale
S045,8,Hillside
S046,8,Riverdale
S047,7,Hillside
S048,8,Hillside
S049,8,Hillside
S050,6,Lakeview
S051,7,Riverdale
S052,8,Lakeview
S053,7,Hillside
S054,8,Hillside
S055,7,Hillside
S056,6,Lakeview
S057,7,Riverdale
S058,7,Riverdale
S059,8,Riverdale
S060,6,Hillside
S061,6,Lakeview
S062,6,Hillside
S063,7,Lakeview
S064,8,Lakeview
S065,7,Riverdale
S066,8,Lakeview
S067,8,Hillside
S068,7,Lakeview
S069,7,Lakeview
S070,6,Lakeview
S071,8,Hillside
S072,8,Lakeview
S073,8,Lakeview
S074,8,Riverdale
S075,7,Riverdale
S076,6,Hillside
S077,8,Riverdale
S078,7,Hillside
S079,8,Riverdale
S080,8,Lakeview
S081,6,Riverdale
S082,7,Riverdale
S083,7,Lakeview
S084,7,Lakeview
S085,6,Riverdale
S086,6,Lakeview
S087,7,Lakeview
S088,6,Lakeview
S089,6,Lakeview
S090,6,Hillside
S091,8,Hillside
S092,6,Riverdale
S093,7,Lakeview
S094,6,Lakeview
S095,7,Hillside
S096,6,Riverdale
S097,6,Lakeview
S098,7,Hillside
S099,8,Hillside
S100,6,Lakeview
S101,7,Lakeview
S102,8,Hillside
S103,7,Hillside
S104,8,Hillside
S105,6,Hillside
S106,8,Riverdale
S107,6,Lakeview
S108,7,Lakeview
S109,7,Hillside
S110,6,Lakeview
S111,8,Riverdale
S112,8,Riverdale
S113,6,Lakeview
S114,6,Hillside
S115,8,Lakeview
S116,7,Hillside
S117,6,Hillside
S118,8,Riverdale
S119,8,Riverdale
S120,7,Riverdale
